Word,Definition
aberration,"{'Noun': ['a state or condition markedly different from the norm', ""a disorder in one's mental state"", 'an optical phenomenon resulting from the failure of a lens or mirror to produce a good image']}"
abject,"{'Adjective': ['of the most contemptible kind', 'most unfortunate or miserable', 'showing utter resignation or hopelessness', 'showing humiliation or submissiveness']}"
abjure,"{'Verb': ['formally reject or disavow a formerly held belief, usually under pressure']}"
ablated,"{'Verb': ['wear away through erosion or vaporization', 'remove an organ or bodily structure'], 'Adjective': ['made smaller or less by melting or erosion or vaporization']}"
ablution,"{'Noun': [""the ritual washing of a priest's hands or of sacred vessels""]}"
abnegation,"{'Noun': ['the denial and rejection of a doctrine or belief', 'renunciation of your own interests in favor of the interests of others']}"
abrogate,{'Verb': ['revoke formally']}
abscond,{'Verb': ['run away; usually includes taking something or somebody along']}
abstruse,{'Adjective': ['difficult to penetrate; incomprehensible to one of ordinary understanding or knowledge']}
accede,"{'Verb': [""yield to another's wish or opinion"", 'take on duties or office', 'to agree or express agreement']}"
accost,"{'Verb': ['speak to someone', 'approach with an offer of sexual favors']}"
accretion,"{'Noun': ['an increase by natural growth or addition', 'something contributing to growth or increase', '(astronomy', '(biology', '(geology', 'as when a co-beneficiary dies or fails to meet some condition or rejects the inheritance']}"
acme,"{'Noun': ['the highest level or degree attainable; the highest stage of development', 'the highest point (of something']}"
acumen,"{'Noun': ['a tapering point', 'shrewdness shown by keen insight']}"
adamant,"{'Noun': ['very hard native crystalline carbon valued as a gem'], 'Adjective': ['impervious to pleas, persuasion, requests, reason']}"
adenoid,"{'Noun': ['a collection of lymphatic tissue in the throat behind the uvula (on the posterior wall and roof of the nasopharynx'], 'Adjective': ['relating to or resembling lymphatic glands or lymphoid tissue']}"
adenoidal,"{'Adjective': ['of or pertaining to the adenoids', 'sounding as if the nose were pinched']}"
adit,{'Noun': ['a nearly horizontal passage from the surface into a mine']}
adroit,{'Adjective': ['quick or skillful or adept in action or thought']}
adumbrate,"{'Verb': ['describe roughly or briefly or give the main points or summary of', 'give to understand']}"
advertorial,{'Noun': ['an advertisement that is written and presented in the style of an editorial or journalistic report']}
aegis,"{'Noun': ['kindly endorsement and guidance', 'armor plate that protects the chest; the front part of a cuirass']}"
afflated,"{'verb': ['Simple past tense and past participle of afflate.'], 'adjective': ['inspired']}"
afflatus,{'Noun': ['a strong creative impulse; divine inspiration']}
agnation,{'Noun': ['line of descent traced through the paternal side of the family']}
alacrity,{'Noun': ['liveliness and eagerness']}
aleatory,{'Adjective': ['dependent on chance']}
amanuensis,{'Noun': ['someone skilled in the transcription of speech (especially dictation']}
anachronistic,{'Adjective': ['chronologically misplaced']}
anaclitic,{'Adjective': ['of or related to relationships that are characterized by the strong dependence of one person on another']}
anathema,"{'Noun': ['a detested person', 'a formal ecclesiastical curse accompanied by excommunication']}"
anchorite,{'Noun': ['one retired from society for religious reasons']}
anechoic,{'Adjective': ['not having or producing echoes; sound-absorbent']}
annular,{'Adjective': ['shaped like a ring']}
antediluvian,"{'Noun': ['any of the early patriarchs who lived prior to the Noachian deluge', 'a very old person'], 'Adjective': ['of or relating to the period before the biblical flood', 'so extremely old as seeming to belong to an earlier period']}"
aphonia,{'Noun': ['a disorder of the vocal organs that results in the loss of voice']}
apiary,{'Noun': ['a shed containing a number of beehives']}
apical,{'Adjective': ['situated at an apex']}
aplomb,{'Noun': ['great coolness and composure under strain']}
apocryphal,"{'Adjective': ['being of questionable authenticity', 'of or belonging to the Apocrypha']}"
apothegm,{'Noun': ['a short pithy instructive saying']}
appellation,"{'Noun': ['identifying word or words by which someone or something is called and classified or distinguished from others', 'a geographical indication used to identify where the grapes for a wine are grown']}"
approbation,"{'Noun': ['official approval', 'official recognition or approval']}"
appurtenance,"{'Noun': ['equipment consisting of miscellaneous articles needed for a particular operation or sport etc.', 'a supplementary component that improves capability']}"
apse,{'Noun': ['a domed or vaulted recess or projection on a building especially the east end of a church; usually contains the altar']}
argot,{'Noun': ['a characteristic language of a particular group (as among thieves']}
arrogate,"{'Verb': [""demand as being one's due or property; assert one's right or title to"", 'make undue claims to having', ""seize and take control without authority and possibly with force; take as one's right or possession""]}"
ascesis,{'Noun': ['rigorous self-denial and active self-restraint']}
assiduous,{'Adjective': ['marked by care and persistent effort']}
astral,{'Adjective': ['being or relating to or resembling or emanating from stars']}
atavist,{'Noun': ['an organism that has the characteristics of a more primitive type of that organism']}
atavistic,{'Adjective': ['characteristic of an atavist']}
attar,{'Noun': ['essential oil or perfume obtained from flowers']}
auspicious,{'Adjective': ['auguring favorable circumstances and good luck']}
austere,"{'Adjective': ['severely simple', 'of a stern or strict bearing or demeanor; forbidding in aspect', 'practicing great self-denial']}"
autolyzed,{'verb': ['Simple past tense and past participle of autolyze.']}
avocation,{'Noun': ['an auxiliary activity']}
avuncular,"{'Adjective': ['resembling a uncle in kindness or indulgence', 'being or relating to an uncle']}"
bailiwick,"{'Noun': ['the area over which a bailiff has jurisdiction', 'a branch of knowledge']}"
bathetic,{'Adjective': ['effusively or insincerely emotional']}
batten,"{'Noun': ['stuffing made of rolls or sheets of cotton wool or synthetic fiber', 'a strip fixed to something to hold it firm'], 'Verb': ['furnish with battens', 'secure with battens']}"
bedizen,"{'Verb': ['decorate tastelessly', 'dress up garishly and tastelessly']}"
benefice,"{'Noun': ['an endowed church office giving income to its holder'], 'Verb': ['endow with a benefice']}"
bereave,{'Verb': ['deprive through death']}
bereft,"{'Verb': ['deprive through death'], 'Adjective': ['unhappy in love; suffering from unrequited love', 'sorrowful through loss or deprivation']}"
besotted,"{'Verb': ['make dull or stupid or muddle with drunkenness or infatuation'], 'Adjective': ['very drunk']}"
bilirubin,{'Noun': ['an orange-yellow pigment in the bile that forms as a product of hemoglobin; excess amounts in the blood produce the yellow appearance observed in jaundice']}
bilk,"{'Verb': ['cheat somebody out of what is due, especially money', 'hinder or prevent (the efforts, plans, or desires', 'evade payment to', 'escape, either physically or mentally']}"
blandishment,"{'Noun': ['flattery intended to persuade', 'the act of urging by means of teasing or flattery']}"
breviary,{'Noun': ['(Roman Catholic Church']}
brisance,{'Noun': ['the shattering or crushing effect of a sudden release of energy as in an explosion']}
bucolic,"{'Noun': ['a country person', 'a short poem descriptive of rural or pastoral life'], 'Adjective': ['(used with regard to idealized country life', 'relating to shepherds or herdsmen or devoted to raising sheep or cattle']}"
buxom,"{'Adjective': [""(of a woman's body"", '(of a female body']}"
cacophony,"{'Noun': ['a loud harsh or strident noise', 'loud confusing disagreeable sounds']}"
cadge,"{'Verb': ['ask for and get free; be a parasite', 'obtain or seek to obtain by cadging or wheedling']}"
cajole,"{'Verb': ['influence or urge by gentle urging, caressing, or flattering']}"
calumny,"{'Noun': [""a false accusation of an offense or a malicious misrepresentation of someone's words or actions"", ""an abusive attack on a person's character or good name""]}"
candent,{'Adjective': ['emitting light as a result of being heated']}
canny,{'Adjective': ['showing self-interest and shrewdness in dealing with others']}
canted,"{'Verb': ['heel over'], 'Adjective': ['departing or being caused to depart from the true vertical or horizontal']}"
canthus,{'Noun': ['either of the corners of the eye where the upper and lower eyelids meet']}
capacious,{'Adjective': ['large in capacity']}
carouse,"{'Noun': ['revelry in drinking; a merry drinking party'], 'Verb': ['engage in boisterous, drunken merrymaking']}"
catabolic,"{'Adjective': ['relating to or characterized by catabolism', 'characterized by destructive metabolism']}"
catabolism,{'Noun': ['breakdown in living organisms of more complex substances into simpler ones together with release of energy']}
catastate,{'noun': ['A substance formed by a catabolic process.']}
catastates,{'noun': ['Plural form of catastate.']}
caviling,{'Verb': ['raise trivial objections']}
cavort,{'Verb': ['play boisterously']}
cenotaphs,{'Noun': ['a monument built to honor people whose remains are interred elsewhere or whose remains cannot be recovered']}
charlatan,{'Noun': ['a flamboyant deceiver; one who attracts customers with tricks or jokes']}
chignon,{'Noun': ['a roll of hair worn at the nape of the neck']}
chud,{'verb': ['To champ; to bite.']}
churlish,"{'Adjective': ['rude and boorish', 'having a bad disposition; surly']}"
chyme,{'Noun': ['a semiliquid mass of partially digested food that passes from the stomach through the pyloric sphincter into the duodenum']}
circumlocution,"{'Noun': ['a style that involves indirect ways of expressing things', 'an indirect way of expressing something']}"
circumspect,{'Adjective': ['heedful of potential consequences']}
circumvent,"{'Verb': ['surround so as to force to give up', 'beat through cleverness and wit', 'avoid or try to avoid fulfilling, answering, or performing (duties, questions, or issues']}"
clairvoyant,"{'Noun': ['someone who has the power of clairvoyance'], 'Adjective': ['perceiving things beyond the natural range of the senses', 'foreseeing the future']}"
codicil,{'Noun': ['a supplement to a will; a testamentary instrument intended to alter an already executed will']}
cognomen,"{'Noun': [""a familiar name for a person (often a shortened version of a person's given name"", ""the name used to identify the members of a family (as distinguished from each member's given name""]}"
comely,"{'Adjective': ['according with custom or propriety', 'very pleasing to the eye']}"
comestible,"{'Noun': ['any substance that can be used as food'], 'Adjective': ['suitable for use as food']}"
commonalty,{'Noun': ['a class composed of persons lacking clerical or noble rank']}
compunction,{'Noun': ['a feeling of deep regret (usually for some misdeed']}
concomitant,"{'Noun': ['an event or situation that happens at the same time as or in connection with another'], 'Adjective': ['occurring with or following as a consequence']}"
concordance,"{'Noun': ['a harmonious state of things in general and of their properties (as of colors and sounds', 'agreement of opinions', 'an index of all main words in a book along with their immediate contexts']}"
concupiscent,{'Adjective': ['vigorously passionate']}
conflagration,{'Noun': ['a very intense and uncontrolled fire']}
contretemps,{'Noun': ['an awkward clash']}
contrite,{'Adjective': ['feeling or expressing pain or sorrow for sins or offenses']}
convivial,{'Adjective': ['occupied with or fond of the pleasures of good company']}
cordite,{'Noun': ['explosive powder (nitroglycerin and guncotton and petrolatum']}
corpulence,{'Noun': ['the property of excessive fatness']}
corticate,{'adjective': ['Having a cortex or a similar specialized outer layer.']}
counterpane,{'Noun': ['decorative cover for a bed']}
cowl,"{'Noun': ['protective covering consisting of a metal part that covers the engine', 'a loose hood or hooded robe (as worn by a monk'], 'Verb': ['cover with or as with a cowl']}"
crag,{'Noun': ['a steep rugged rock or cliff']}
credulity,{'Noun': ['tendency to believe readily']}
croupiers,{'Noun': ['someone who collects and pays bets at a gaming table']}
cunctation,{'Noun': ['the act of procrastinating; putting off or delaying or defering an action to a later time']}
cuspate,{'Adjective': ['having cusps or points']}
dado,"{'Noun': ['panel forming the lower part of an interior wall when it is finished differently from the rest of the wall', 'the section of a pedestal between the base and the surbase', 'a rectangular groove cut into a board so that another piece can fit into it'], 'Verb': ['provide with a dado', 'cut a dado into or fit into a dado']}"
deciduous,"{'Adjective': ['(of plants and shrubs', '(of teeth, antlers, etc.']}"
declaim,"{'Verb': ['recite in elocution', 'speak against in an impassioned manner']}"
declivity,{'Noun': ['a downward slope or bend']}
decolletage,"{'Noun': [""a low-cut neckline on a woman's dress""]}"
deliquesce,"{'Verb': ['melt away in the process of decay', 'melt or become liquid by absorbing moisture from the air']}"
demur,"{'Noun': [], 'Verb': ['take exception to', 'enter a demurrer']}"
dentate,{'Adjective': ['having toothlike projections in the margin']}
depilatory,"{'Noun': ['a chemical (usually a sulfide', 'a cosmetic for temporary removal of undesired hair'], 'Adjective': ['able to remove hair or render hairless']}"
depredations,"{'Noun': ['an act of plundering and pillaging and marauding', '(usually plural']}"
desiccate,"{'Verb': ['preserve by removing all water and liquids from', 'remove water from', 'lose water or moisture'], 'Adjective': ['lacking vitality or spirit; lifeless']}"
desultory,{'Adjective': ['marked by lack of definite plan or regularity or purpose; jumping from one thing to another']}
diaphanous,{'Adjective': ['so thin as to transmit light']}
diffident,"{'Adjective': ['showing modest reserve', 'lacking self-confidence']}"
dilettante,"{'Noun': ['an amateur who engages in an activity without serious intentions and who pretends to have knowledge'], 'Adjective': ['showing frivolous or superficial interest; amateurish']}"
dirigibles,{'Noun': ['a steerable self-propelled aircraft']}
discomfit,"{'Verb': [""cause to lose one's composure""]}"
disconsolate,"{'Adjective': ['sad beyond comforting; incapable of being consoled', 'causing dejection']}"
distaff,"{'Noun': ['the sphere of work by women', 'the staff on which wool or flax is wound before spinning'], 'Adjective': ['characteristic of or peculiar to a woman']}"
door,"{'Noun': ['a swinging or sliding barrier that will close the entrance to a room or building or vehicle', 'the entrance (the space in a wall', 'anything providing a means of access (or escape', 'a structure where people live or work (usually ordered along a street or road', 'a room that is entered via a door']}"
duplicitous,{'Adjective': ['marked by deliberate deceptiveness especially by pretending one set of feelings and acting under the influence of another']}
dyad,{'Noun': ['two items of the same kind']}
dyspeptic,"{'Noun': ['a person suffering from indigestion'], 'Adjective': ['suffering from dyspepsia', 'irritable as if suffering from indigestion']}"
ebullient,{'Adjective': ['joyously unrestrained']}
eclat,"{'Noun': ['enthusiastic approval', 'ceremonial elegance and splendor', 'brilliant or conspicuous success or effect']}"
educe,"{'Verb': ['deduce (a principle', 'a meaning', 'develop or evolve from a latent or potential state']}"
eidetic,{'Adjective': ['of visual imagery of almost photographic accuracy']}
elegiac,"{'Adjective': ['resembling or characteristic of or appropriate to an elegy', 'expressing sorrow often for something past']}"
elision,"{'Noun': ['omission of a sound between two words (usually a vowel and the end of one word or the beginning of the next', 'a deliberate act of omission']}"
emetic,{'Noun': ['a medicine that induces nausea and vomiting']}
eminent,"{'Adjective': ['standing above others in quality or position', 'of imposing height; especially standing out above others']}"
empathic,"{'Adjective': [""showing empathy or ready comprehension of others' states""]}"
emulsion,"{'Noun': ['(chemistry', 'a light-sensitive coating on paper or film; consists of fine grains of silver bromide suspended in a gelatin']}"
encomia,{'Noun': ['a formal expression of praise']}
encomium,{'Noun': ['a formal expression of praise']}
enfilade,"{'Noun': ['gunfire directed along the length rather than the breadth of a formation'], 'Verb': ['rake or be in a position to rake with gunfire in a lengthwise direction']}"
enuresis,{'Noun': ['inability to control the flow of urine and involuntary urination']}
epaulet,{'Noun': ['adornment consisting of an ornamental cloth pad worn on the shoulder']}
epicanthic,{'Adjective': ['relating to the epicanthus']}
epicanthus,"{'Noun': [""a vertical fold of skin over the nasal canthus; typical for many east Asian peoples; sometimes occurs in Down's syndrome""]}"
epigone,"{'Noun': ['an inferior imitator of some distinguished writer, artist, or musician']}"
epigram,{'Noun': ['a witty saying']}
epigraph,"{'Noun': ['a quotation at the beginning of some piece of writing', 'an engraved inscription']}"
epitaph,"{'Noun': ['an inscription on a tombstone or monument in memory of the person buried there', 'a summary statement of commemoration for a dead person']}"
eponym,"{'Noun': ['the person for whom something is named', 'the name derived from a person (real or imaginary']}"
eponymous,{'Adjective': ['being or relating to or bearing the name of an eponym']}
ersatz,"{'Noun': ['an artificial or inferior substitute or imitation'], 'Adjective': ['artificial and inferior']}"
erstwhile,"{'Adjective': ['belonging to some prior time'], 'Adverb': ['at a previous time']}"
erumpent,{'adjective': ['Bursting through or as if through a surface or covering.']}
eschaton,{'Noun': ['(New Testament']}
exordial,"{'adjective': ['of or relating to an exordium, beginning or introduction']}"
facsimile,"{'Noun': ['an exact copy or reproduction', 'duplicator that transmits the copy by wire or radio'], 'Verb': ['send something via a facsimile machine']}"
falcate,{'Adjective': ['curved like a sickle']}
fallow,"{'Noun': ['cultivated land that is not seeded for one or more growing seasons'], 'Adjective': ['left unplowed and unseeded during a growing season', 'undeveloped but potentially useful']}"
farrago,{'Noun': ['a motley assortment of things']}
figurant,{'noun': ['A stage performer having no speaking part.']}
fils,"{'Noun': ['100 Yemeni fils are worth one Yemeni rial', 'a fractional monetary unit in Bahrain and Iraq and Jordan and Kuwait; equal to one thousandth of a dinar']}"
fin-de-siecle,"{'Adjective': ['marked by excessive self-indulgence and moral decay', 'relating to or characteristic of the end of a century (especially the end of the 19th century']}"
finial,{'Noun': ['an ornament at the top of a spire or gable; usually a foliated fleur-de-lis']}
flag,"{'Noun': ['emblem usually consisting of a rectangular piece of cloth of distinctive design', 'a listing printed in all issues of a newspaper or magazine (usually on the editorial page', 'plants with sword-shaped leaves and erect stalks bearing bright-colored flowers composed of three petals and three drooping sepals', 'a rectangular piece of fabric used as a signalling device', 'flagpole used to mark the position of the hole on a golf green', 'stratified stone that splits into pieces suitable as paving stones', 'a conspicuously marked or shaped tail'], 'Verb': ['communicate or signal with a flag', 'provide with a flag', 'droop, sink, or settle from or as if from pressure or loss of tautness', 'decorate with flags', 'become less intense']}"
flagellants,"{'Noun': ['a person who is whipped or whips himself for sexual gratification', 'a person who whips himself as a religious penance']}"
forceable,{'adjective': ['Able to be forced']}
forcible,{'Adjective': ['impelled by physical force especially against resistance']}
frenetic,{'Adjective': ['excessively agitated; distraught with fear or other violent emotion']}
fricative,"{'Noun': ['a continuant consonant produced by breath moving against a narrowing of the vocal tract'], 'Adjective': [""of speech sounds produced by forcing air through a constricted passage (as `f', `s', `z', or `th' in both `thin' and `then'""]}"
frisson,{'Noun': ['an almost pleasurable sensation of fright']}
frustum,{'Noun': ['a truncated cone or pyramid; the part that is left when a cone or pyramid is cut by a plane parallel to the base and the apical part is removed']}
fuck,"{'Noun': ['slang for sexual intercourse'], 'Verb': ['have sexual intercourse with']}"
fulvous,{'adjective': ['Tawny-coloured.']}
furtive,"{'Adjective': ['marked by quiet and caution and secrecy; taking pains to avoid being observed', 'secret and sly or sordid']}"
garish,{'Adjective': ['tastelessly showy']}
gasket,{'Noun': ['seal consisting of a ring for packing pistons or sealing a pipe joint']}
gelid,{'Adjective': ['extremely cold']}
genteel,{'Adjective': ['marked by refinement in taste and manners']}
gilt,"{'Noun': ['a coating of gold or of something that looks like gold'], 'Verb': ['decorate with, or as if with, gold leaf or liquid gold'], 'Adjective': ['having the deep slightly brownish color of gold', 'or golden']}"
glabrous,{'Adjective': ['having no hair or similar growth; smooth']}
glaucous,"{'Adjective': ['having a frosted look from a powdery coating, as on plants']}"
grange,{'Noun': ['an outlying farm']}
grapnel,"{'Noun': ['a tool consisting of several hooks for grasping and holding; often thrown with a rope', 'a light anchor for small boats']}"
guilloche,{'Noun': ['an architectural decoration formed by two intersecting wavy bands']}
gyrus,{'Noun': ['a convex fold or elevation in the surface of the brain']}
hackle,"{'Noun': ['long slender feather on the necks of e.g. turkeys and pheasants'], 'Verb': ['comb with a heckle']}"
halcyon,"{'Noun': ['(Greek mythology', 'a large kingfisher widely distributed in warmer parts of the Old World', 'a mythical bird said to breed at the time of the winter solstice in a nest floating on the sea and to have the power of calming the winds and waves'], 'Adjective': ['idyllically calm and peaceful; suggesting happy tranquillity', 'marked by peace and prosperity']}"
hangdog,"{'Adjective': ['showing a sense of guilt', 'frightened into submission or compliance']}"
hapless,{'Adjective': ['deserving or inciting pity']}
hauteur,{'Noun': ['overbearing pride evidenced by a superior manner toward inferiors']}
hieratic,"{'Noun': ['a cursive form of Egyptian hieroglyphics; used especially by the priests'], 'Adjective': ['associated with the priesthood or priests', 'or sacerdotal', 'written or belonging to a cursive form of ancient Egyptian writing', 'adhering to fixed types or methods; highly restrained and formal']}"
hirsute,{'Adjective': ['having or covered with hair']}
hoary,"{'Adjective': ['showing characteristics of age, especially having grey or white hair', 'ancient', 'covered with fine whitish hairs or down']}"
homunculus,"{'Noun': ['a person who is very small but who is not otherwise deformed or abnormal', 'a tiny fully formed individual that (according to the discredited theory of preformation']}"
hyperemia,{'Noun': ['increased blood in an organ or other body part']}
hyperemic,{'Adjective': ['relating to or caused by hyperemia']}
ideogram,{'Noun': ['a graphic character that indicates the meaning of a thing without indicating the sounds used to say it']}
ignominy,{'Noun': ['a state of dishonor']}
immanent,"{'Adjective': ['of a mental act performed entirely within the mind', 'of qualities that are spread throughout something']}"
imminent,{'Adjective': ['close in time; about to occur']}
immolate,{'Verb': ['offer as a sacrifice by killing or by giving up to destruction']}
immured,"{'Verb': ['lock up or confine, in or as in a jail']}"
impartible,{'adjective': ['Not partible; indivisible:  an impartible inheritance. ']}
impassive,"{'Adjective': ['having or revealing little emotion or sensibility; not easily aroused or excited', 'deliberately impassive in manner']}"
impecunious,{'Adjective': ['not having enough money to pay for necessities']}
increscent,{'adjective': ['Showing a progressively larger lighted surface; waxing:  the increscent moon. ']}
infinite,"{'Noun': ['the unlimited expanse in which everything is located'], 'Adjective': ['having no limits or boundaries in time or space or extent or magnitude', '(of verbs', 'as a participle or gerund or infinitive', 'too numerous to be counted', 'total and all-embracing']}"
inguinal,{'Adjective': ['of or relating to or near the groin']}
inimitable,{'Adjective': ['defying imitation; matchless']}
insipid,"{'Adjective': ['lacking taste or flavor or tang', 'lacking interest or significance or impact']}"
insouciant,{'Adjective': ['marked by blithe unconcern']}
intransigent,"{'Adjective': ['impervious to pleas, persuasion, requests, reason']}"
intrepid,{'Adjective': ['invulnerable to fear or intimidation']}
invective,{'Noun': ['abusive or venomous language used to express blame or censure or bitter deep-seated ill will']}
jamb,{'Noun': ['upright consisting of a vertical side member of a door or window frame']}
japery,{'Noun': ['acting like a clown or buffoon']}
jilted,"{'Verb': ['cast aside capriciously or unfeelingly'], 'Adjective': ['rebuffed (by a lover']}"
joker,"{'Noun': ['a person who enjoys telling or playing jokes', 'a person who does something thoughtless or annoying', 'an inconspicuous clause in a document or bill that affects its meaning in a way that is not immediately apparent', 'a playing card that is usually printed with a picture of a jester']}"
keen,"{'Noun': ['a funeral lament sung with loud wailing'], 'Verb': ['express grief verbally'], 'Adjective': ['having or demonstrating ability to recognize or draw fine distinctions', 'intense or sharp', 'very good', 'painful as if caused by a sharp instrument', 'having a sharp cutting edge or point']}"
kismet,{'Noun': ['(Islam']}
kohl,{'Noun': ['a cosmetic preparation used by women in Egypt and Arabia to darken the edges of their eyelids']}
labile,"{'Adjective': ['(chemistry, physics, biology', 'liable to change']}"
languid,{'Adjective': ['lacking spirit or liveliness']}
lank,"{'Adjective': ['long and thin and often limp', 'long and lean']}"
lapidary,"{'Noun': ['an expert on precious stones and the art of cutting and engraving them', 'a skilled worker who cuts and engraves precious stones'], 'Adjective': ['of or relating to precious stones or the art of working with them']}"
lascivious,{'Adjective': ['driven by lust; preoccupied with or exhibiting lustful desires']}
legate,{'Noun': ['a member of a legation']}
legation,"{'Noun': ['the post or office of legate', 'a permanent diplomatic mission headed by a minister']}"
leonine,{'Adjective': ['of or characteristic of or resembling a lion']}
liniment,{'Noun': ['a medicinal liquid that is rubbed into the skin to relieve muscular stiffness and pain']}
listless,"{'Adjective': ['lacking zest or vivacity', 'marked by low spirits; showing no enthusiasm']}"
lithe,{'Adjective': ['gracefully thin and bending and moving with ease']}
lordotic,{'Adjective': ['having abnormal sagging of the spine (especially in horses']}
loupe,{'Noun': ['small magnifying glass (usually set in an eyepiece']}
lucre,"{'Noun': ['informal terms for money', 'the excess of revenues over outlays in a given period of time (including depreciation and other non-cash expenses']}"
lugubrious,{'Adjective': ['excessively mournful']}
lurid,"{'Adjective': ['horrible in fierceness or savagery', 'glaringly vivid and graphic; marked by sensationalism', 'shining with an unnatural red glow as of fire seen through smoke', 'ghastly pale']}"
magnanimous,"{'Adjective': ['noble and generous in spirit', 'generous and understanding and tolerant']}"
majuscule,"{'Noun': ['one of the large alphabetic characters used as the first letter in writing or printing proper names and sometimes for emphasis'], 'Adjective': ['of or relating to a style of writing characterized by somewhat rounded capital letters; 4th to 8th centuries', 'uppercase']}"
martinet,{'Noun': ['someone who demands exact conformity to rules and forms']}
matriculate,"{'Noun': ['someone who has been admitted to a college or university'], 'Verb': ['enroll as a student']}"
meatus,{'Noun': ['a natural body passageway']}
megalomania,{'Noun': ['a psychological state characterized by delusions of grandeur']}
meninges,{'Noun': ['a membrane (one of 3']}
menses,{'Noun': ['the monthly discharge of blood from the uterus of nonpregnant women from puberty to menopause']}
miasma,"{'Noun': ['an unwholesome atmosphere', 'unhealthy vapors rising from the ground or other sources']}"
minuet,"{'Noun': ['a stately court dance in the 17th century', 'a stately piece of music composed for dancing the minuet; often incorporated into a sonata or suite']}"
mocks,"{'Noun': ['the act of mocking or ridiculing'], 'Verb': ['treat with contempt', 'imitate with mockery and derision']}"
mordant,"{'Noun': ['a substance used to treat leather or other materials before dyeing; aids in dyeing process'], 'Adjective': ['harshly ironic or sinister', 'of a substance, especially a strong acid; capable of destroying or eating away by chemical action']}"
mottle,"{'Noun': ['an irregular arrangement of patches of color'], 'Verb': ['mark with spots or blotches of different color or shades of color as if stained', 'colour with streaks or blotches of different shades']}"
movie,{'Noun': ['a form of entertainment that enacts a story by sound and a sequence of images giving the illusion of continuous movement']}
mucronate,{'adjective': ['Of or having a mucro; ending abruptly in a sharp point:  mucronate feathers; a mucronate leaf. ']}
mullioned,{'Adjective': ['of windows; divided by vertical bars or piers usually of stone']}
nacelle,{'Noun': ['a streamlined enclosure for an aircraft engine']}
nacreous,"{'Adjective': ['consisting of or resembling mother-of-pearl', 'having a play of lustrous rainbow colors', 'or pearlescent', 'or opaline']}"
necrosis,{'Noun': ['the localized death of living cells (as from infection or the interruption of blood supply']}
necrotic,{'Adjective': ['relating to or affected by necrosis']}
neurasthenic,"{'Noun': ['a person suffering a nervous breakdown'], 'Adjective': ['of or relating to or suffering from neurasthenia']}"
nomothetic,{'Adjective': ['relating to or involving the search for abstract universal principles']}
obtuse,"{'Adjective': ['of an angle; between 90 and 180 degrees', '(of a leaf shape', 'lacking in insight or discernment', 'slow to learn or understand; lacking intellectual acuity']}"
obversion,{'noun': ['Logic   Inference of the obverse of a proposition.']}
occluded,"{'Verb': ['block passage through'], 'Adjective': ['closed off', '(of a substance']}"
officious,{'Adjective': ['intrusive in a meddling or offensive manner']}
oratory,{'Noun': ['addressing an audience formally (usually a long and rhetorical address and often pompous']}
oscitance,"{'Noun': ['drowsiness and dullness manifested by yawning', 'an involuntary intake of breath through a wide open mouth; usually triggered by fatigue or boredom']}"
osseous,{'Adjective': ['composed of or containing bone']}
otiose,"{'Adjective': ['serving no useful purpose; having no excuse for being', 'producing no result or effect', 'disinclined to work or exertion']}"
palimpsest,{'Noun': ['a manuscript (usually written on papyrus or parchment']}
pallid,"{'Adjective': ['abnormally deficient in color as suggesting physical or emotional distress', '(of light', 'or wan', 'lacking in vitality or interest or effectiveness']}"
parametric,{'Adjective': ['of or relating to or in terms of a parameter']}
parietal,{'Adjective': ['of or relating to or associated with the parietal bones in the cranium']}
paroxysm,{'Noun': ['a sudden uncontrollable attack']}
parquet,"{'Noun': ['a floor made of parquetry', 'seating on the main floor between the orchestra and the parquet circle']}"
parquetry,{'Noun': ['a patterned wood inlay used to cover a floor']}
parsimony,"{'Noun': ['extreme care in spending money; reluctance to spend money unnecessarily', 'extreme stinginess']}"
passable,"{'Adjective': ['able to be passed or traversed or crossed', 'about average; acceptable']}"
passible,{'adjective': ['Capable of feeling or suffering; sensitive:  a passible type of personality. ']}
patrician,"{'Noun': ['a person of refined upbringing and manners', 'a member of the aristocracy'], 'Adjective': ['befitting a person of noble origin', 'belonging to or characteristic of the nobility or aristocracy']}"
pendentive,{'noun': ['Architecture   A triangular section of vaulting between the rim of a dome and each adjacent pair of the arches that support it.']}
penumbra,{'Noun': ['a fringe region of partial shadow around an umbra']}
perfidy,"{'Noun': ['betrayal of a trust', 'an act of deliberate betrayal']}"
perfunctory,"{'Adjective': ['hasty and without attention to detail; not thorough', 'or cursory', 'done or produced as a formality only']}"
peripatetic,"{'Noun': ['a person who walks from place to place', 'a follower of Aristotle or an adherent of Aristotelianism'], 'Adjective': ['of or relating to Aristotle or his philosophy', 'traveling especially on foot']}"
peripeteia,{'Noun': ['a sudden and unexpected change of fortune or reverse of circumstances (especially in a literary work']}
peritonitis,{'Noun': ['inflammation of the peritoneum']}
perpend,"{'verb-transitive': ['To consider carefully; ponder.'], 'verb-intransitive': ['To be attentive; reflect.']}"
phalanx,"{'Noun': ['any of the bones of the fingers or toes', 'any closely ranked crowd of people', 'a body of troops in close array']}"
phatic,"{'adjective': ['Of, relating to, or being speech used to share feelings or to establish a mood of sociability rather than to communicate information or ideas.']}"
philatelic,{'Adjective': ['of or relating to philately or of interest to philatelists']}
philistine,"{'Noun': ['a person who is uninterested in intellectual pursuits', 'a member of an Aegean people who settled ancient Philistia around the 12th century BC'], 'Adjective': ['of or relating to ancient Philistia or its culture or its people', 'smug and ignorant and indifferent or hostile to artistic and cultural values']}"
piacular,{'adjective': ['Requiring expiation; wicked or blameworthy.']}
pidgin,{'Noun': ['an artificial language used for trade between speakers of different languages']}
piebald,{'Adjective': ['having sections or patches colored differently and usually brightly']}
pinioned,"{'Verb': ['bind the arms of', 'cut the wings off (of birds'], 'Adjective': ['(of birds', 'bound fast especially having the arms restrained']}"
piquant,"{'Adjective': ['having an agreeably pungent taste', 'engagingly stimulating or provocative', 'attracting or delighting']}"
plangent,{'Adjective': ['loud and resounding']}
plexus,{'Noun': ['a network of intersecting blood vessels or intersecting nerves or intersecting lymph vessels']}
pomander,"{'noun': ['A case, box, or bag for holding this mixture.']}"
popliteal,{'Adjective': ['of or relating to the area behind the knee joint']}
prandial,{'Adjective': ['of or relating to a meal']}
preen,"{'Verb': [""clean with one's bill"", 'pride or congratulate (oneself', 'dress or groom with elaborate care']}"
prehensile,"{'Adjective': ['adapted for grasping especially by wrapping around an object', 'having a keen intellect', 'immoderately desirous of acquiring e.g. wealth']}"
pretty,"{'Adjective': ['pleasing by delicacy or grace; not imposing', '(used ironically'], 'Adverb': ['to certain extent or degree']}"
priapic,"{'Adjective': ['overly concerned with masculinity and male sexuality', 'resembling or being a phallus']}"
priapism,{'Noun': ['condition in which the penis is continually erect; usually painful and seldom with sexual arousal']}
prim,"{'Verb': ['assume a prim appearance', ""contract one's lips"", 'dress primly'], 'Adjective': ['affectedly dainty or refined', 'exaggeratedly proper']}"
probity,{'Noun': ['complete and confirmed integrity; having strong moral principles']}
prognathous,{'Adjective': ['having a projecting lower jaw']}
prolix,{'Adjective': ['tediously prolonged or tending to speak or write at great length']}
prophylactics,"{'Noun': ['remedy that prevents or slows the course of an illness or disease', 'contraceptive device consisting of a sheath of thin rubber or latex that is worn over the penis during intercourse']}"
prurient,{'Adjective': ['characterized by lust']}
puerile,"{'Adjective': ['of or characteristic of a child', 'displaying or suggesting a lack of maturity']}"
puerilism,"{'noun': ['Childish behavior in an adult, especially as a symptom of mental illness.']}"
pulchritude,{'Noun': ['physical beauty (especially of a woman']}
punctilious,{'Adjective': ['marked by precise accordance with details']}
quincunx,{'noun': ['An arrangement of five objects with one at each corner of a rectangle or square and one at the center.']}
recondite,{'Adjective': ['difficult to penetrate; incomprehensible to one of ordinary understanding or knowledge']}
redolent,"{'Adjective': ['serving to bring to mind', ""(used with `of' or `with'"", 'having a strong pleasant odor']}"
revue,{'Noun': ['a variety show with topical sketches and songs and dancing and comedians']}
rictus,{'Noun': ['a gaping grimace']}
rivet,"{'Noun': ['ornament consisting of a circular rounded protuberance (as on a vault or shield or belt', 'heavy pin having a head at one end and the other end being hammered flat after being passed through holes in the pieces that are fastened together'], 'Verb': [""direct one's attention on something"", 'fasten with a rivet or rivets', ""hold (someone's attention""]}"
rococo,"{'Noun': ['fanciful but graceful asymmetric ornamentation in art and architecture that originated in France in the 18th century'], 'Adjective': ['having excessive asymmetrical ornamentation']}"
rubicund,{'Adjective': ['inclined to a healthy reddish color often associated with outdoor life']}
salacious,"{'Adjective': ['characterized by lust', 'suggestive of or tending to moral looseness']}"
sangfroid,"{'noun': ['composure, self-possession or imperturbability especially when in a dangerous situation']}"
sartorial,"{'Adjective': ['of or relating to the sartorius muscle', 'of or relating to a tailor or to tailoring']}"
saturnine,"{'Adjective': ['bitter or scornful', 'showing a brooding ill humor']}"
scabrous,"{'Adjective': ['rough to the touch; covered with scales or scurf', 'dealing with salacious or indecent material']}"
scrofula,{'Noun': ['a form of tuberculosis characterized by swellings of the lymphatic glands']}
scurrilous,{'Adjective': ['expressing offensive reproach']}
sedulous,{'Adjective': ['marked by care and persistent effort']}
selvage,"{'Noun': ['border consisting of an ornamental fringe at either end of an oriental carpet', 'the edge of a fabric that is woven so that it will not ravel or fray']}"
senescence,"{'Noun': ['the organic process of growing older and showing the effects of increasing age', 'the property characteristic of old age']}"
septuagenarian,{'Noun': ['someone whose age is in the seventies']}
seraphic,"{'Adjective': ['of or relating to an angel of the first order', 'having a sweet nature befitting an angel or cherub']}"
serge,{'Noun': ['a twilled woolen fabric']}
shiva,"{'Noun': ['(Judaism', 'the auspicious one; a major divinity in the later Hindu pantheon']}"
simian,"{'Noun': ['an ape or monkey'], 'Adjective': ['relating to or resembling an ape']}"
simulacrum,"{'Noun': ['an insubstantial or vague semblance', 'a representation of a person (especially in the form of sculpture']}"
sinecure,"{'Noun': ['a benefice to which no spiritual or pastoral duties are attached', 'an office that involves minimal duties']}"
skein,{'Noun': ['coils of worsted yarn']}
sobriquet,"{'Noun': [""a familiar name for a person (often a shortened version of a person's given name""]}"
somatic,{'Adjective': ['affecting or characteristic of the body as opposed to the mind or spirit']}
spoonerism,{'Noun': ['transposition of initial consonants in a pair of words']}
stevedore,{'Noun': ['a laborer who loads and unloads vessels in a port']}
stolid,{'Adjective': ['having or revealing little emotion or sensibility; not easily aroused or excited']}
strabismic,"{'adjective': ['Afflicted with, or pertaining to, strabismus.']}"
striae,"{'Noun': ['any of a number of tiny parallel grooves such as: the scratches left by a glacier on rocks or the streaks or ridges in muscle tissue', 'a stripe or stripes of contrasting color']}"
striated,{'Verb': ['mark with striae or striations']}
stultify,"{'Verb': [""prove to be of unsound mind or demonstrate someone's incompetence"", 'cause to appear foolish', 'deprive of strength or efficiency; make useless or worthless']}"
sty,"{'Noun': ['an infection of the sebaceous gland of the eyelid', 'a pen for swine']}"
subjoin,{'Verb': ['add to the end']}
suborned,"{'Verb': ['incite to commit a crime or an evil deed', 'procure (false testimony or perjury', 'induce to commit perjury or give false testimony']}"
subsumption,"{'Noun': ['the premise of a syllogism that contains the minor term (which is the subject of the conclusion', 'incorporating something under a more general category']}"
succubus,{'Noun': ['a female demon believed to have sexual intercourse with sleeping men']}
suet,{'Noun': ['hard fat around the kidneys and loins in beef and sheep']}
suety,{'Adjective': ['like or full of suet']}
sulcus,{'Noun': ['(anatomy']}
supine,"{'Adjective': ['lying face upward', 'passive as a result of indolence or indifference']}"
surfeit,"{'Noun': ['the state of being more than full', 'the quality of being so overabundant that prices fall', 'eating until excessively full'], 'Verb': ['supply or feed to surfeit', ""indulge (one's appetite""]}"
surly,{'Adjective': ['inclined to anger or bad feelings with overtones of menace']}
sybaritic,{'Adjective': ['displaying luxury and furnishing gratification to the senses']}
tawny,{'Adjective': ['of a light brown to brownish orange color; the color of tanned leather']}
temerity,{'Noun': ['fearless daring']}
tendentious,{'Adjective': ['having or marked by a strong tendency especially a controversial one']}
tetanic,"{'Adjective': ['of or relating to or causing tetany', 'of or relating to or causing tetanus']}"
tetany,"{'Noun': ['clinical neurological syndrome characterized by muscular twitching and cramps and (when severe', 'hypoparathyroidism']}"
thoracic,{'Adjective': ['of or relating to the chest or thorax']}
timorous,{'Adjective': ['timid by nature or revealing timidity']}
titrate,{'Verb': ['measure by (the volume or concentration of solutions']}
torpid,"{'Adjective': ['slow and apathetic', 'in a condition of biological rest or suspended animation']}"
trite,{'Adjective': ['repeated too often; overfamiliar through overuse']}
tryst,"{'Noun': ['a date; usually with a member of the opposite sex', 'a secret rendezvous (especially between lovers']}"
tumescent,"{'Adjective': ['abnormally distended especially by fluids or gas', 'or puffy']}"
tumid,"{'Adjective': ['ostentatiously lofty in style', 'abnormally distended especially by fluids or gas', 'or puffy', 'of sexual organs; stiff and rigid']}"
turpitude,{'Noun': ['a corrupt or depraved or degenerate act or practice']}
tyro,{'Noun': ['someone new to a field or activity']}
tyronism,{'noun': ['the condition of being a tyro']}
umbra,{'Noun': ['a region of complete shadow resulting from total obstruction of light']}
umbrella,"{'Noun': ['a lightweight handheld collapsible canopy', 'a formation of military planes maintained over ground operations or targets', 'having the function of uniting a group of similar things'], 'Adjective': ['covering or applying simultaneously to a number of similar items or elements or groups']}"
unbidden,"{'adjective': ['Not invited, asked, or requested; unasked:  unbidden guests; comments unbid and unwelcome. ']}"
uncouth,{'Adjective': ['lacking refinement or cultivation or taste']}
unctuous,{'Adjective': ['unpleasantly and excessively suave or ingratiating in manner or speech']}
vacuole,{'Noun': ['a tiny cavity filled with fluid in the cytoplasm of a cell']}
valise,{'Noun': ['a small overnight bag for short trips']}
vapid,"{'Adjective': ['lacking taste or flavor or tang', 'lacking significance or liveliness or spirit or zest']}"
vellum,"{'Noun': ['a heavy creamy-colored paper resembling parchment', 'fine parchment prepared from the skin of a young animal e.g. a calf or lamb']}"
veneration,"{'Noun': ['a feeling of profound respect for someone or something', 'religious zeal; the willingness to serve God']}"
verdant,{'Adjective': ['characterized by abundance of verdure']}
verdigris,"{'Noun': ['a blue or green powder used as a paint pigment', 'a green patina that forms on copper or brass or bronze that has been exposed to the air or water for long periods of time'], 'Verb': ['color verdigris']}"
verdure,"{'Noun': ['green foliage', 'the lush appearance of flourishing vegetation']}"
vestige,{'Noun': ['an indication that something has been present']}
vestry,"{'Noun': ['in the Protestant Episcopal Church: a committee elected by the congregation to work with the churchwardens in managing the temporal affairs of the church', 'a room in a church where sacred vessels and vestments are kept or meetings are held']}"
vicissitudes,"{'Noun': ['a variation in circumstances or fortune at different times in your life or in the development of something', 'mutability in life or nature (especially successive alternation from one condition to another']}"
vitiate,"{'Verb': ['corrupt morally or by intemperance or sensuality', 'make imperfect', 'take away the legal force of or render ineffective']}"
vitiated,"{'Verb': ['corrupt morally or by intemperance or sensuality', 'make imperfect', 'take away the legal force of or render ineffective'], 'Adjective': ['impaired by diminution', 'ruined in character or quality']}"
vivisected,{'Verb': ['cut (a body']}
votaries,"{'Noun': ['one bound by vows to a religion or life of worship or service', 'a priest or priestess (or consecrated worshipper', 'a devoted (almost religiously so']}"
vulgate,{'Noun': ['the Latin edition of the Bible translated from Hebrew and Greek mainly by St. Jerome at the end of the 4th century; as revised in 1592 it was adopted as the official text for the Roman Catholic Church']}
wallet,{'Noun': ['a pocket-size case for holding papers and paper money']}
winsome,{'Adjective': ['charming in a childlike or naive way']}
xerophagy,"{'noun': ['A restrictive diet (of bread and water, for example) as a punishment or religious form of discipline.']}"
yarmulke,{'Noun': ['a skullcap worn by religious Jews (especially at prayer']}
zygomatic,"{'Noun': ['the arch of bone beneath the eye that forms the prominence of the cheek'], 'Adjective': ['of or relating to the cheek region of the face']}"
